block_name,fish_id,genotype,time_interval_seconds
20240325_block02,20240325_block02,WT,560.12
20240422_block01,20240422_block01,MUT,1266.36
20240422_block06,20240422_block06,MUT,1251.91
20240422_block08,20240422_block08,WT,1252.23
20240422_block11,20240422_block11,WT,1252.31
260420_block03,260420_block03,WT,353.91
260427_block02,260427_block02,WT,292.51
260427_block03,260427_block03,WT,292.51
260427_block04,260427_block04,WT,292.51
260427_block06,260427_block06,MUT,292.51
260427_block07,260427_block07,MUT,292.51
260427_block08,260427_block08,MUT,292.51
260428_block02,260428_block02,WT,412.83
260428_block03,260428_block03,WT,412.84
260428_block04,260428_block04,WT,412.84
260511_block01,260511_block01,WT,255.50
260511_block02,260511_block02,WT,255.50
260511_block03,260511_block03,WT,255.50
260511_block05,260511_block05,WT,255.50
260511_block06,260511_block06,WT,255.50
260511_block07,260511_block07,MUT,255.50
